/*
 Navicat MySQL Data Transfer

 Source Server         : true-local
 Source Server Version : 50625
 Source Host           : localhost
 Source Database       : storeapi

 Target Server Version : 50625
 File Encoding         : utf-8

 Date: 01/28/2016 16:37:39 PM
*/

SET NAMES utf8;
SET FOREIGN_KEY_CHECKS = 0;

-- ----------------------------
--  Table structure for `banners`
-- ----------------------------
DROP TABLE IF EXISTS `banners`;
CREATE TABLE `banners` (
  `id` int(10) unsigned NOT NULL AUTO_INCREMENT,
  `name` varchar(255) COLLATE utf8_unicode_ci NOT NULL,
  `deleted_at` timestamp NULL DEFAULT NULL,
  `created_at` timestamp NOT NULL DEFAULT '0000-00-00 00:00:00',
  `updated_at` timestamp NOT NULL DEFAULT '0000-00-00 00:00:00',
  PRIMARY KEY (`id`)
) ENGINE=InnoDB AUTO_INCREMENT=3 DEFAULT CHARSET=utf8 COLLATE=utf8_unicode_ci;

-- ----------------------------
--  Records of `banners`
-- ----------------------------
BEGIN;
INSERT INTO `banners` VALUES ('1', 'sport chek', null, '0000-00-00 00:00:00', '0000-00-00 00:00:00'), ('2', 'atmosphere', null, '0000-00-00 00:00:00', '0000-00-00 00:00:00');
COMMIT;

-- ----------------------------
--  Table structure for `classifications`
-- ----------------------------
DROP TABLE IF EXISTS `classifications`;
CREATE TABLE `classifications` (
  `id` int(10) unsigned NOT NULL AUTO_INCREMENT,
  `name` varchar(11) COLLATE utf8_unicode_ci NOT NULL,
  `deleted_at` timestamp NULL DEFAULT NULL,
  `created_at` timestamp NOT NULL DEFAULT '0000-00-00 00:00:00',
  `updated_at` timestamp NOT NULL DEFAULT '0000-00-00 00:00:00',
  PRIMARY KEY (`id`)
) ENGINE=InnoDB AUTO_INCREMENT=5 DEFAULT CHARSET=utf8 COLLATE=utf8_unicode_ci;

-- ----------------------------
--  Records of `classifications`
-- ----------------------------
BEGIN;
INSERT INTO `classifications` VALUES ('1', 'combo', null, '0000-00-00 00:00:00', '0000-00-00 00:00:00'), ('2', 'flagship', null, '0000-00-00 00:00:00', '0000-00-00 00:00:00'), ('3', 'fleet', null, '0000-00-00 00:00:00', '0000-00-00 00:00:00'), ('4', 'hero', null, '0000-00-00 00:00:00', '0000-00-00 00:00:00');
COMMIT;

-- ----------------------------
--  Table structure for `districts`
-- ----------------------------
DROP TABLE IF EXISTS `districts`;
CREATE TABLE `districts` (
  `id` int(10) unsigned NOT NULL AUTO_INCREMENT,
  `region_id` int(10) unsigned NOT NULL,
  `name` varchar(255) COLLATE utf8_unicode_ci NOT NULL,
  `deleted_at` timestamp NULL DEFAULT NULL,
  `created_at` timestamp NOT NULL DEFAULT '0000-00-00 00:00:00',
  `updated_at` timestamp NOT NULL DEFAULT '0000-00-00 00:00:00',
  PRIMARY KEY (`id`),
  KEY `districts_region_id_foreign` (`region_id`),
  CONSTRAINT `districts_region_id_foreign` FOREIGN KEY (`region_id`) REFERENCES `regions` (`id`) ON DELETE CASCADE
) ENGINE=InnoDB AUTO_INCREMENT=23 DEFAULT CHARSET=utf8 COLLATE=utf8_unicode_ci;

-- ----------------------------
--  Records of `districts`
-- ----------------------------
BEGIN;
INSERT INTO `districts` VALUES ('1', '1', 'Atlantic Canada', null, '0000-00-00 00:00:00', '0000-00-00 00:00:00'), ('2', '1', 'Maritimes', null, '0000-00-00 00:00:00', '0000-00-00 00:00:00'), ('3', '1', 'Ottawa', null, '0000-00-00 00:00:00', '0000-00-00 00:00:00'), ('4', '1', 'Ontario Southwest', null, '0000-00-00 00:00:00', '0000-00-00 00:00:00'), ('5', '1', 'Ontario Southeast', null, '0000-00-00 00:00:00', '0000-00-00 00:00:00'), ('6', '1', 'GTA Southwest', null, '0000-00-00 00:00:00', '0000-00-00 00:00:00'), ('7', '1', 'GTA East', null, '0000-00-00 00:00:00', '0000-00-00 00:00:00'), ('8', '1', 'GTA South', null, '0000-00-00 00:00:00', '0000-00-00 00:00:00'), ('9', '1', 'GTA North', null, '0000-00-00 00:00:00', '0000-00-00 00:00:00'), ('10', '1', 'GTA Northwest', null, '0000-00-00 00:00:00', '0000-00-00 00:00:00'), ('11', '1', 'Ontario East', null, '0000-00-00 00:00:00', '0000-00-00 00:00:00'), ('12', '2', 'Atmosphere Prairies', null, '0000-00-00 00:00:00', '0000-00-00 00:00:00'), ('13', '2', 'Atmosphere BC', null, '0000-00-00 00:00:00', '0000-00-00 00:00:00'), ('14', '2', 'Manitoba', null, '0000-00-00 00:00:00', '0000-00-00 00:00:00'), ('15', '2', 'Saskatchewan', null, '0000-00-00 00:00:00', '0000-00-00 00:00:00'), ('16', '2', 'Edmonton West', null, '0000-00-00 00:00:00', '0000-00-00 00:00:00'), ('17', '2', 'Edmonton East', null, '0000-00-00 00:00:00', '0000-00-00 00:00:00'), ('18', '2', 'Calgary South', null, '0000-00-00 00:00:00', '0000-00-00 00:00:00'), ('19', '2', 'Calgary North', null, '0000-00-00 00:00:00', '0000-00-00 00:00:00'), ('20', '2', 'GVA Interior', null, '0000-00-00 00:00:00', '0000-00-00 00:00:00'), ('21', '2', 'GVA Island', null, '0000-00-00 00:00:00', '0000-00-00 00:00:00'), ('22', '2', 'GVA North', null, '0000-00-00 00:00:00', '0000-00-00 00:00:00');
COMMIT;

-- ----------------------------
--  Table structure for `equipment_updates`
-- ----------------------------
DROP TABLE IF EXISTS `equipment_updates`;
CREATE TABLE `equipment_updates` (
  `id` int(10) unsigned NOT NULL AUTO_INCREMENT,
  `store_id` int(10) unsigned NOT NULL,
  `description` longtext COLLATE utf8_unicode_ci NOT NULL,
  `deleted_at` timestamp NULL DEFAULT NULL,
  `created_at` timestamp NOT NULL DEFAULT '0000-00-00 00:00:00',
  `updated_at` timestamp NOT NULL DEFAULT '0000-00-00 00:00:00',
  PRIMARY KEY (`id`),
  KEY `equipment_updates_store_id_foreign` (`store_id`),
  CONSTRAINT `equipment_updates_store_id_foreign` FOREIGN KEY (`store_id`) REFERENCES `stores` (`id`) ON DELETE CASCADE
) ENGINE=InnoDB DEFAULT CHARSET=utf8 COLLATE=utf8_unicode_ci;

-- ----------------------------
--  Table structure for `migrations`
-- ----------------------------
DROP TABLE IF EXISTS `migrations`;
CREATE TABLE `migrations` (
  `migration` varchar(255) COLLATE utf8_unicode_ci NOT NULL,
  `batch` int(11) NOT NULL
) ENGINE=InnoDB DEFAULT CHARSET=utf8 COLLATE=utf8_unicode_ci;

-- ----------------------------
--  Records of `migrations`
-- ----------------------------
BEGIN;
INSERT INTO `migrations` VALUES ('2015_07_29_194732_create_status_table', '1'), ('2015_07_29_194925_create_banners_table', '1'), ('2015_07_29_195048_create_classifications_table', '1'), ('2015_07_29_195311_create_regions_table', '1'), ('2015_07_29_221226_create_districts_table', '1'), ('2015_07_29_222130_create_stores_table', '1'), ('2015_07_29_222144_create_equipment_update_table', '1'), ('2015_08_24_163336_create_users_table', '2'), ('2014_04_24_110151_create_oauth_scopes_table', '3'), ('2014_04_24_110304_create_oauth_grants_table', '3'), ('2014_04_24_110403_create_oauth_grant_scopes_table', '3'), ('2014_04_24_110459_create_oauth_clients_table', '3'), ('2014_04_24_110557_create_oauth_client_endpoints_table', '3'), ('2014_04_24_110705_create_oauth_client_scopes_table', '3'), ('2014_04_24_110817_create_oauth_client_grants_table', '3'), ('2014_04_24_111002_create_oauth_sessions_table', '3'), ('2014_04_24_111109_create_oauth_session_scopes_table', '3'), ('2014_04_24_111254_create_oauth_auth_codes_table', '3'), ('2014_04_24_111403_create_oauth_auth_code_scopes_table', '3'), ('2014_04_24_111518_create_oauth_access_tokens_table', '3'), ('2014_04_24_111657_create_oauth_access_token_scopes_table', '3'), ('2014_04_24_111810_create_oauth_refresh_tokens_table', '3'), ('2015_08_24_214512_create_users_table', '4'), ('2015_08_24_215111_create_users_table', '5'), ('2015_08_25_155056_create_users_table', '6'), ('2015_08_25_202200_create_users_table', '7');
COMMIT;

-- ----------------------------
--  Table structure for `regions`
-- ----------------------------
DROP TABLE IF EXISTS `regions`;
CREATE TABLE `regions` (
  `id` int(10) unsigned NOT NULL AUTO_INCREMENT,
  `name` varchar(255) COLLATE utf8_unicode_ci NOT NULL,
  `deleted_at` timestamp NULL DEFAULT NULL,
  `created_at` timestamp NOT NULL DEFAULT '0000-00-00 00:00:00',
  `updated_at` timestamp NOT NULL DEFAULT '0000-00-00 00:00:00',
  PRIMARY KEY (`id`)
) ENGINE=InnoDB AUTO_INCREMENT=3 DEFAULT CHARSET=utf8 COLLATE=utf8_unicode_ci;

-- ----------------------------
--  Records of `regions`
-- ----------------------------
BEGIN;
INSERT INTO `regions` VALUES ('1', 'East', null, '0000-00-00 00:00:00', '0000-00-00 00:00:00'), ('2', 'West', null, '0000-00-00 00:00:00', '0000-00-00 00:00:00');
COMMIT;

-- ----------------------------
--  Table structure for `status`
-- ----------------------------
DROP TABLE IF EXISTS `status`;
CREATE TABLE `status` (
  `id` int(10) unsigned NOT NULL AUTO_INCREMENT,
  `name` varchar(255) COLLATE utf8_unicode_ci NOT NULL,
  `deleted_at` timestamp NULL DEFAULT NULL,
  `created_at` timestamp NOT NULL DEFAULT '0000-00-00 00:00:00',
  `updated_at` timestamp NOT NULL DEFAULT '0000-00-00 00:00:00',
  PRIMARY KEY (`id`)
) ENGINE=InnoDB AUTO_INCREMENT=4 DEFAULT CHARSET=utf8 COLLATE=utf8_unicode_ci;

-- ----------------------------
--  Records of `status`
-- ----------------------------
BEGIN;
INSERT INTO `status` VALUES ('1', 'open', null, '0000-00-00 00:00:00', '0000-00-00 00:00:00'), ('2', 'closed', null, '0000-00-00 00:00:00', '0000-00-00 00:00:00'), ('3', 'under reno', null, '0000-00-00 00:00:00', '0000-00-00 00:00:00');
COMMIT;

-- ----------------------------
--  Table structure for `stores`
-- ----------------------------
DROP TABLE IF EXISTS `stores`;
CREATE TABLE `stores` (
  `id` int(10) unsigned NOT NULL,
  `store_number` varchar(11) COLLATE utf8_unicode_ci NOT NULL,
  `banner_id` int(10) unsigned NOT NULL,
  `district_id` int(10) unsigned NOT NULL,
  `classification_id` int(10) unsigned NOT NULL,
  `status_id` int(10) unsigned NOT NULL,
  `name` varchar(255) COLLATE utf8_unicode_ci NOT NULL,
  `address1` varchar(255) COLLATE utf8_unicode_ci NOT NULL,
  `city` varchar(255) COLLATE utf8_unicode_ci NOT NULL,
  `province` varchar(255) COLLATE utf8_unicode_ci NOT NULL,
  `postal_code` varchar(255) COLLATE utf8_unicode_ci NOT NULL,
  `lat` double(9,6) NOT NULL,
  `long` double(9,6) NOT NULL,
  `sqft` double NOT NULL,
  `mall_entrance` tinyint(1) NOT NULL,
  `entrances` int(11) NOT NULL,
  `cashbanks` int(11) NOT NULL,
  `floors` int(11) NOT NULL,
  `registers` int(11) NOT NULL,
  `pdts` int(11) NOT NULL,
  `tablets` int(11) NOT NULL,
  `last_reno` varchar(10) COLLATE utf8_unicode_ci NOT NULL,
  `last_computer_update` varchar(10) COLLATE utf8_unicode_ci NOT NULL,
  `created_at` timestamp NOT NULL DEFAULT '0000-00-00 00:00:00',
  `updated_at` timestamp NOT NULL DEFAULT '0000-00-00 00:00:00',
  `deleted_at` timestamp NULL DEFAULT NULL,
  PRIMARY KEY (`id`),
  KEY `stores_banner_id_foreign` (`banner_id`),
  KEY `stores_district_id_foreign` (`district_id`),
  KEY `stores_classification_id_foreign` (`classification_id`),
  KEY `stores_status_id_foreign` (`status_id`),
  CONSTRAINT `stores_banner_id_foreign` FOREIGN KEY (`banner_id`) REFERENCES `banners` (`id`) ON DELETE CASCADE,
  CONSTRAINT `stores_classification_id_foreign` FOREIGN KEY (`classification_id`) REFERENCES `classifications` (`id`) ON DELETE CASCADE,
  CONSTRAINT `stores_district_id_foreign` FOREIGN KEY (`district_id`) REFERENCES `districts` (`id`) ON DELETE CASCADE,
  CONSTRAINT `stores_status_id_foreign` FOREIGN KEY (`status_id`) REFERENCES `status` (`id`) ON DELETE CASCADE
) ENGINE=InnoDB DEFAULT CHARSET=utf8 COLLATE=utf8_unicode_ci;

-- ----------------------------
--  Records of `stores`
-- ----------------------------
BEGIN;
INSERT INTO `stores` VALUES ('100', '0100', '2', '13', '4', '1', 'Kitsilano', '1625 Chestnut Street', 'Vancouver', 'BC', 'V6J 4M6', '49.271557', '-123.146418', '10775', '0', '2', '1', '1', '0', '0', '0', '', '', '2015-07-31 14:13:51', '2015-08-28 19:25:22', null), ('102', '0102', '2', '13', '1', '1', 'Prince George', 'Unit #195, 1600-15 Avenue', 'PRINCE GEORGE', 'BC', 'V2L 3X3', '53.910431', '-122.760715', '7234', '0', '1', '1', '0', '0', '0', '0', '', '', '2015-07-31 14:13:51', '2015-08-04 11:26:31', null), ('107', '0107', '2', '12', '1', '1', 'Calgary', '817-10 Avenue SW', 'CALGARY', 'AB', 'T2R 0B4', '51.043705', '-114.080016', '7229', '0', '1', '1', '0', '0', '0', '0', '', '', '2015-07-31 14:13:51', '2015-08-04 11:26:31', null), ('143', '0143', '2', '3', '1', '1', 'Kingston', 'Unit F5, 628 Gardiners Road', 'KINGSTON', 'ON', 'K7M 3X9', '44.245838', '-76.563616', '10130', '0', '1', '1', '0', '0', '0', '0', '', '', '2015-07-31 14:13:51', '2015-08-04 11:26:31', null), ('155', '0155', '2', '12', '1', '1', 'Deerfoot Meadows', 'Unit #500, 8180-11 Street SE', 'CALGARY', 'AB', 'T2H 3B5', '50.978314', '-114.041496', '7556.8', '0', '1', '1', '0', '0', '0', '0', '', '', '2015-07-31 14:13:51', '2015-08-04 11:26:31', null), ('158', '0158', '2', '12', '1', '1', 'Southland Mall', 'Unit 1Y1-C, 2715 Gordon Road', 'Regina', 'SK', 'S4S 6H8', '50.403283', '-104.621711', '8879', '1', '2', '2', '0', '0', '0', '0', '', '', '2015-07-31 14:13:51', '2015-08-04 11:26:31', null), ('162', '0162', '2', '13', '1', '1', 'Langley Power Centre', 'Unit #60, 20150 Langley By-Pass', 'LANGLEY', 'BC', 'V3A 9J8', '49.098755', '-122.654594', '16040', '0', '1', '1', '0', '0', '0', '0', '', '', '2015-07-31 14:13:51', '2015-08-04 11:26:31', null), ('163', '0163', '2', '13', '1', '1', 'Coquitlam Centre', 'Unit #2860, 2929 Barnett Hwy', 'COQUITLAM', 'BC', 'V3B 5R5', '49.276941', '-122.799472', '9627', '0', '2', '1', '0', '0', '0', '0', '', '', '2015-07-31 14:13:51', '2015-08-04 11:26:31', null), ('164', '0164', '2', '12', '1', '1', 'Red Deer', '#300, 5001 19th Street', 'RED DEER', 'AB', 'T4R 3R1', '52.232876', '-113.813905', '6581', '0', '1', '1', '0', '0', '0', '0', '', '', '2015-07-31 14:13:51', '2015-08-04 11:26:31', null), ('171', '0171', '2', '12', '1', '1', 'Banff', '122 Banff Avenue', 'BANFF', 'AB', 'T0L 0C0', '51.175597', '-115.570789', '4605.4', '0', '1', '1', '0', '0', '0', '0', '', '', '2015-07-31 14:13:51', '2015-08-04 11:26:31', null), ('172', '0172', '2', '12', '1', '1', 'South Ed Common', '1612-99 Street NW', 'EDMONTON', 'AB', 'T6N 1M5', '53.442523', '-113.482421', '8222', '0', '1', '1', '0', '0', '0', '0', '', '', '2015-07-31 14:13:51', '2015-08-04 11:26:31', null), ('185', '0185', '2', '12', '1', '1', 'Market Mall', 'Unit #G008B, 3625 Shaganappi Tr. NW', 'CALGARY', 'AB', 'T3A 0E2', '51.082854', '-114.157360', '7321', '1', '1', '1', '0', '0', '0', '0', '', '', '2015-07-31 14:13:51', '2015-08-04 11:26:31', null), ('187', '0187', '2', '8', '1', '1', 'Eaton Ctr', '2 Queen Street West', 'TORONTO', 'ON', 'M5H 3X4', '43.652402', '-79.379338', '23946', '1', '2', '1', '0', '0', '0', '0', '', '', '2015-07-31 14:13:51', '2015-08-04 11:26:31', null), ('195', '0195', '2', '12', '1', '1', 'Peter Pond', 'Unit 1118, 9713 Hardin Street', 'FORT MCMURRAY', 'AB', 'T9H 1L2', '56.724723', '-111.380037', '10724', '1', '1', '1', '0', '0', '0', '0', '', '', '2015-07-31 14:13:51', '2015-08-04 11:26:31', null), ('201', '0201', '1', '1', '1', '1', 'Corner Brook Plaza', 'Unit # M-02A, 54 Maple Valley Road', 'CORNERBROOK', 'NL', 'A2H 6L8', '48.946202', '-57.915439', '13190', '1', '1', '1', '0', '0', '0', '0', '', '', '2015-07-31 14:13:51', '2015-08-04 11:26:31', null), ('208', '0208', '1', '7', '1', '1', 'Markham', '9255 Woodbine Avenue', 'Markham', 'ON', 'L6C 1Y9', '43.868148', '-79.362736', '17043', '0', '1', '1', '0', '0', '0', '0', '', '', '2015-07-31 14:13:51', '2015-08-04 11:26:31', null), ('213', '0213', '1', '4', '1', '1', 'Woodstock', '399 NORWHICH AVENUE', 'WOODSTOCK', 'ON', 'N4S 3W4', '43.118948', '-80.739011', '20118', '0', '1', '1', '0', '0', '0', '0', '', '', '2015-07-31 14:13:51', '2015-08-04 11:26:31', null), ('219', '0219', '1', '2', '1', '1', 'Bedford', 'Unit 2, 181 Damascus Road', 'Bedford', 'NS', 'B4A  0C2', '44.750550', '-63.645095', '20987', '0', '1', '1', '0', '0', '0', '0', '', '', '2015-07-31 14:13:51', '2015-08-04 11:26:31', null), ('221', '0221', '1', '5', '1', '1', 'Boardwalk', 'Unit #3, 225 The Boardwalk', 'Kitchener', 'ON', 'N2N  0B1', '43.435471', '-80.560586', '21634', '0', '1', '1', '0', '0', '0', '0', '', '', '2015-07-31 14:13:51', '2015-08-04 11:26:31', null), ('223', '0223', '1', '9', '1', '1', 'Midland', 'Unit 129, 9226 Highway #93', 'Midland', 'ON', 'L4R 4K4', '43.717348', '-79.250915', '14865', '1', '1', '1', '0', '0', '0', '0', '', '', '2015-07-31 14:13:51', '2015-08-04 11:26:31', null), ('224', '0224', '1', '15', '1', '1', 'North battleford', '11405 Railway Avenue East', 'NORTH BATTLEFORD', 'SK', 'S9A 3G8', '52.776596', '-108.307059', '10061', '1', '1', '1', '0', '0', '0', '0', '', '', '2015-07-31 14:13:51', '2015-08-04 11:26:31', null), ('225', '0225', '1', '2', '1', '1', 'Miramichi', 'Unit 49, 2441 King George Highway', 'MIRIMICHI', 'NB', 'E1V 6W2', '47.030143', '-65.491072', '9709', '1', '1', '1', '0', '0', '0', '0', '', '', '2015-07-31 14:13:51', '2015-08-04 11:26:31', null), ('227', '0227', '1', '11', '1', '1', 'Lindsay', '401 Kent Street West, Unit 37', 'LINDSAY', 'ON', 'K9V 4Z1', '44.350148', '-78.759373', '11430', '1', '1', '1', '0', '0', '0', '0', '', '', '2015-07-31 14:13:51', '2015-08-04 11:26:31', null), ('228', '0228', '1', '9', '1', '1', 'Huntsville', '636 Marcove Road', 'Huntsville', 'ON', 'L5T 2R7', '43.649833', '-79.687114', '12847', '0', '1', '1', '0', '0', '0', '0', '', '', '2015-07-31 14:13:51', '2015-08-04 11:26:31', null), ('229', '0229', '1', '20', '1', '1', 'Salmon Arm', 'Unit 255, 1151 10 Avenue SW', 'SALMON ARM', 'BC', 'V1E 1T3', '50.694310', '-119.298499', '9583', '1', '1', '1', '0', '0', '0', '0', '', '', '2015-07-31 14:13:51', '2015-08-04 11:26:31', null), ('230', '0230', '1', '15', '1', '1', 'Estevan', 'Unit 1220, 400 King Street', 'ESTEVAN', 'SK', 'S4A 2B4 ', '49.146720', '-102.977916', '11867', '1', '1', '1', '0', '0', '0', '0', '', '', '2015-07-31 14:13:51', '2015-08-04 11:26:31', null), ('231', '0231', '1', '9', '1', '1', 'Collingwood', 'Unit C4, 55 Mountain Road', 'Collingwood', 'ON', 'L9Y 4M2', '44.501489', '-80.242304', '20004', '0', '1', '1', '0', '0', '0', '0', '', '', '2015-07-31 14:13:51', '2015-07-31 14:13:51', null), ('232', '0232', '1', '16', '1', '1', 'Spruce Grove', '100, 151 Century Crossing', 'SPRUCE GROVE', 'AB', 'T7X 0C8', '53.543187', '-113.879323', '22534', '0', '1', '1', '0', '0', '0', '0', '', '', '2015-07-31 14:13:51', '2015-08-04 11:26:31', null), ('233', '0233', '1', '19', '1', '1', 'Crowfoot Crossing', '48 Crowfoot Terrace NW', 'CALGARY', 'AB', 'T3G 4J8', '51.127247', '-114.200247', '23930', '0', '1', '1', '0', '0', '0', '0', '', '', '2015-07-31 14:13:51', '2015-08-04 11:26:31', null), ('234', '0234', '1', '19', '1', '1', 'Deerfoot', '901 64th Avenue NE', 'CALGARY', 'AB', 'T2E 7P4', '51.110450', '-114.041114', '46200', '1', '1', '1', '0', '0', '0', '0', '', '', '2015-07-31 14:13:51', '2015-08-04 11:26:31', null), ('235', '0235', '1', '1', '1', '1', 'Truro', 'Unit 109, 245 Robie Street', 'TRURO', 'NS', 'B2N 5N6', '45.369398', '-63.303347', '10148', '1', '1', '2', '0', '0', '0', '0', '', '', '2015-07-31 14:13:51', '2015-08-04 11:26:31', null), ('236', '0236', '1', '17', '1', '1', 'Wetaskiwin', 'Unit 1380-1400, 3725 56 Street', 'Wetaskiwin', 'AB', 'T9A 2V6', '52.952625', '-113.390097', '8373', '1', '1', '1', '0', '0', '0', '0', '', '', '2015-07-31 14:13:51', '2015-08-04 11:26:31', null), ('237', '0237', '1', '3', '1', '1', 'Cornwall', 'Unit 2, 501 Tollgate Road West', 'CORNWALL', 'ON', 'K6H 5R6', '45.040395', '-74.760432', '21882', '0', '1', '1', '0', '0', '0', '0', '', '', '2015-07-31 14:13:51', '2015-08-04 11:26:31', null), ('238', '0238', '1', '22', '1', '1', 'Duncan', 'Unit D10, 250 Trunk Road', 'DUNCAN', 'BC', 'V9L 2P2', '48.776670', '-123.703445', '20719', '1', '2', '1', '0', '0', '0', '0', '', '', '2015-07-31 14:13:51', '2015-08-04 11:26:31', null), ('239', '0239', '1', '10', '1', '1', 'Brampton', 'Unit 112, 80 Great Lakes Drive', 'BRAMPTON', 'ON', 'L6R 2K7', '43.731939', '-79.762821', '20169', '0', '1', '1', '0', '0', '0', '0', '', '', '2015-07-31 14:13:51', '2015-08-04 11:26:31', null), ('240', '0240', '1', '6', '1', '1', 'Burloak', '3465 Wye Croft Road, Unit B Bldg B3', 'OAKVILLE', 'ON', 'L6L 0B6', '43.450000', '-79.683333', '17620', '0', '1', '1', '0', '0', '0', '0', '', '', '2015-07-31 14:13:51', '2015-08-04 11:26:31', null), ('241', '0241', '1', '8', '1', '1', 'Leaside', 'Unit # 300, B3 - 147 Laird Drive', 'EAST YORK', 'ON', 'M4G 4K1', '43.708683', '-79.362717', '33047', '0', '1', '2', '0', '0', '0', '0', '', '', '2015-07-31 14:13:51', '2015-08-04 11:26:31', null), ('242', '0242', '1', '4', '1', '1', 'London North', 'Unit # 101, 1250 Fanshawe Park Road W.', 'LONDON', 'ON', 'N6G 5B1', '43.013171', '-81.328659', '28229', '0', '1', '1', '0', '0', '0', '0', '', '', '2015-07-31 14:13:51', '2015-08-04 11:26:31', null), ('243', '0243', '1', '8', '1', '1', 'Sherway Gardens', 'Unit # B1, 167 North Queen Street', 'ETOBICOKE', 'ON', 'M9C 1A7', '43.619040', '-79.555765', '32646', '0', '1', '1', '0', '0', '0', '0', '', '', '2015-07-31 14:13:51', '2015-08-04 11:26:31', null), ('244', '0244', '1', '11', '1', '1', 'Durham Centre', 'Unit # 1, 135 Harwood Ave. N', 'AJAX', 'ON', 'L1Z 1E8', '43.864337', '-79.026010', '25970', '0', '1', '2', '0', '0', '0', '0', '', '', '2015-07-31 14:13:51', '2015-08-04 11:26:31', null), ('245', '0245', '1', '1', '1', '1', 'Highland Square Mall', 'Unit 135, 689 Westville Rd.', 'NEW GLASGOW', 'NS', 'B2H 2J6', '45.578705', '-62.663975', '15789', '1', '1', '1', '0', '0', '0', '0', '', '', '2015-07-31 14:13:51', '2015-08-04 11:26:31', null), ('246', '0246', '1', '20', '1', '1', 'Big Bend Burnaby', 'Unit # 600, 5771 Marine Way', 'BURNABY', 'BC', 'V5J 0A6', '49.199842', '-122.976599', '28144', '0', '1', '1', '0', '0', '0', '0', '', '', '2015-07-31 14:13:51', '2015-08-04 11:26:31', null), ('247', '0247', '1', '18', '1', '1', 'Shawnessy Town Centre', 'Unit # 120 - 350R Shawville Blvd. SE', 'CALGARY', 'AB', 'T2Y 3S4', '50.898509', '-114.062689', '33265', '0', '1', '1', '0', '0', '0', '0', '', '', '2015-07-31 14:13:51', '2015-08-04 11:26:31', null), ('248', '0248', '1', '19', '1', '1', 'Cross Iron Mill\'s Mall', '261055 Crossiron Blvd.', 'ROCKY VIEW', 'AB', 'T4A 0G3', '51.200347', '-113.996029', '38990', '1', '3', '2', '0', '0', '0', '0', '', '', '2015-07-31 14:13:51', '2015-08-04 11:26:31', null), ('249', '0249', '1', '19', '1', '1', 'Stephen Avenue', '120 - 8 Ave. SW', 'Calgary', 'AB', 'T2P 1B3', '51.045638', '-114.064454', '24493', '0', '1', '1', '0', '0', '0', '0', '', '', '2015-07-31 14:13:51', '2015-08-04 11:26:31', null), ('250', '0250', '1', '16', '1', '1', 'Lloydminster', 'Unit 102, 7501 44 Street', 'LLOYDMINSTER', 'AB', 'T9V 0X9', '53.277992', '-110.036714', '17538', '0', '1', '1', '0', '0', '0', '0', '', '', '2015-07-31 14:13:51', '2015-08-04 11:26:31', null), ('251', '0251', '1', '7', '1', '1', 'Fairview', 'Unit #2074, 1800 Sheppard Ave East', 'TORONTO', 'ON', 'M2J 5A7', '43.778779', '-79.344721', '17070', '1', '1', '1', '0', '0', '0', '0', '', '', '2015-07-31 14:13:51', '2015-08-04 11:26:31', null), ('252', '0252', '1', '10', '1', '1', 'Bolton', 'Unit #1, 12730 Highway 50', 'BOLTON', 'ON', 'L7E 4G1', '43.860413', '-79.711578', '18268', '0', '1', '1', '0', '0', '0', '0', '', '', '2015-07-31 14:13:51', '2015-08-04 11:26:31', null), ('253', '0253', '1', '11', '1', '1', 'Whitby', 'Bldg. G, 320 Taunton Road East', 'WHITBY', 'ON', 'L1R 0H4', '43.917605', '-78.947542', '18557', '0', '1', '1', '0', '0', '0', '0', '', '', '2015-07-31 14:13:51', '2015-08-04 11:26:31', null), ('254', '0254', '1', '11', '1', '1', 'Cobourg', 'Unit #M7, 1111 Elgin Street West', 'COBOURG', 'ON', 'K9A 5H7', '43.970664', '-78.202523', '15079', '1', '1', '1', '0', '0', '0', '0', '', '', '2015-07-31 14:13:51', '2015-08-04 11:26:31', null), ('255', '0255', '1', '9', '1', '1', 'Upper Canada', 'Unit #HH4, 17600 Yonge Street', 'NEWMARKET', 'ON', 'L3Y 4Z1', '44.054922', '-79.480351', '43541', '1', '3', '2', '0', '0', '0', '0', '', '', '2015-07-31 14:13:51', '2015-08-04 11:26:31', null), ('256', '0256', '1', '1', '1', '1', 'Sydney', 'Unit# E57, 800 Grand Lake Road', 'SYDNEY', 'NS', 'B1P 6S9', '46.145691', '-60.138320', '15177', '1', '1', '1', '0', '0', '0', '0', '', '', '2015-07-31 14:13:51', '2015-08-04 11:26:31', null), ('257', '0257', '1', '6', '1', '1', 'Burlington', 'Unit #A03, 2445 Appleby Line', 'BURLINGTON', 'ON', 'L7L 0B6', '43.406607', '-79.807895', '15249', '0', '1', '1', '0', '0', '0', '0', '', '', '2015-07-31 14:13:51', '2015-08-04 11:26:31', null), ('258', '0258', '1', '1', '1', '1', 'Dartmouth', 'Unit 10-2, 25 Lemlair Row', 'DARTMOUTH', 'NS', 'B3B 0C6', '44.698936', '-63.567273', '18137', '0', '1', '1', '0', '0', '0', '0', '', '', '2015-07-31 14:13:51', '2015-08-04 11:26:31', null), ('259', '0259', '1', '6', '1', '1', 'Guelph', 'CRU#R1, 435 Stone Road West', 'GUELPH', 'ON', 'N1G 2X6', '43.518705', '-80.237438', '20300', '1', '1', '1', '0', '0', '0', '0', '', '', '2015-07-31 14:13:51', '2015-08-04 11:26:31', null), ('260', '0260', '1', '19', '1', '1', 'Beacon Hill', 'Unit #D7, 11626 Sarcee Trail NW', 'CALGARY', 'AB', 'T3R 0A1', '51.157538', '-114.162137', '27985', '0', '2', '1', '0', '0', '0', '0', '', '', '2015-07-31 14:13:51', '2015-08-04 11:26:31', null), ('262', '0262', '1', '11', '1', '1', 'Timmins', 'Unit #A4, 1500 Riverside Drive', 'TIMMINS', 'ON', 'P4R 1A1', '48.472548', '-81.382284', '17207', '1', '1', '1', '0', '0', '0', '0', '', '', '2015-07-31 14:13:51', '2015-08-04 11:26:31', null), ('263', '0263', '1', '7', '1', '1', 'Eglington Corners', 'Unit #B4, 1920 Eglinton Avenue East', 'SCARBOROUGH', 'ON', 'M1L 2L9', '43.727434', '-79.290492', '20385', '0', '1', '1', '0', '0', '0', '0', '', '', '2015-07-31 14:13:51', '2015-08-04 11:26:31', null), ('264', '0264', '1', '3', '1', '1', 'Barrhaven Chapman Mills', 'Unit #2, 125 Riocan Avenue', 'BARRHAVEN', 'ON', 'K2J 5G4', '45.269173', '-75.740892', '14996', '0', '1', '1', '0', '0', '0', '0', '', '', '2015-07-31 14:13:51', '2015-08-04 11:26:31', null), ('265', '0265', '1', '14', '1', '1', 'St. Vital Centre', '1225 St. Mary’s Road', 'WINNIPEG', 'MB', 'R2M 5E5', '49.828991', '-97.114766', '15016', '1', '1', '1', '0', '0', '0', '0', '', '', '2015-07-31 14:13:51', '2015-08-04 11:26:31', null), ('266', '0266', '1', '3', '1', '1', 'Kanata', 'Unit # Q1, 785 Kanata Avenue', 'KANATA', 'ON', 'K2T 1H8', '45.312032', '-75.911378', '20160', '0', '1', '1', '0', '0', '0', '0', '', '', '2015-07-31 14:13:51', '2015-08-04 11:26:31', null), ('267', '0267', '1', '20', '1', '1', 'Penticton', 'Unit # 101, 2701 Skaha Lake Road', 'PENTICTON', 'BC', 'V2A 9B8', '49.464533', '-119.587254', '15310', '0', '1', '1', '0', '0', '0', '0', '', '', '2015-07-31 14:13:51', '2015-08-04 11:26:31', null), ('268', '0268', '1', '7', '1', '1', 'Southridge', 'Unit #51, 1933 Regent Street', 'SUDBURY', 'ON', 'P3E 5R2', '46.450085', '-81.001629', '15283', '1', '1', '1', '0', '0', '0', '0', '', '', '2015-07-31 14:13:51', '2015-08-04 11:26:31', null), ('270', '0270', '1', '18', '1', '1', 'Deerfoot Meadows', 'Unit #1160, 33 Heritage Meadows Way SE', 'CALGARY', 'AB', 'T2H 3B8', '50.982563', '-114.038871', '19227', '0', '2', '2', '0', '0', '0', '0', '', '', '2015-07-31 14:13:51', '2015-08-04 11:26:31', null), ('271', '0271', '1', '5', '1', '1', 'St. Catherines', 'Unit #D6, 285 Geneva Street', 'ST. CATHARINES', 'ON', 'L2N 2G1', '43.178174', '-79.244814', '14912', '1', '1', '1', '0', '0', '0', '0', '', '', '2015-07-31 14:13:51', '2015-08-04 11:26:31', null), ('272', '0272', '1', '21', '1', '1', 'Richmond', 'Unit # 1140, 6551 No. 3 Road', 'RICHMOND', 'BC', 'V6Y 2B6', '49.166509', '-123.137811', '45494', '1', '2', '2', '0', '0', '0', '0', '', '', '2015-07-31 14:13:51', '2015-08-04 11:26:31', null), ('273', '0273', '1', '6', '1', '1', 'Cambridge Centre', 'Unit # 330, 355 Hespeler Road', 'CAMBRIDGE', 'ON', 'N1R 6B3', '43.393699', '-80.321019', '21536', '1', '2', '2', '0', '0', '0', '0', '', '', '2015-07-31 14:13:51', '2015-08-04 11:26:31', null), ('274', '0274', '1', '1', '1', '1', 'Halifax Shopping Centre', 'Unit #1, 7001 Mumford Road', 'HALIFAX', 'NS', 'B3L 4L9', '44.648227', '-63.620527', '51871', '1', '2', '2', '0', '0', '0', '0', '', '', '2015-07-31 14:13:51', '2015-08-04 11:26:31', null), ('275', '0275', '1', '9', '1', '1', 'West Ridge Place', 'Unit # 1, 3275 Monarch Drive', 'ORILLIA', 'ON', 'L3V 7Z4', '44.610016', '-79.451096', '15648', '0', '1', '1', '0', '0', '0', '0', '', '', '2015-07-31 14:13:51', '2015-08-04 11:26:31', null), ('276', '0276', '1', '22', '1', '1', 'Lougheed Mall', 'Unit #102, 9855 Austin Avenue', 'BURNABY', 'BC', 'V3J 1N4', '49.251699', '-122.896148', '20089', '1', '1', '1', '0', '0', '0', '0', '', '', '2015-07-31 14:13:51', '2015-08-04 11:26:31', null), ('277', '0277', '1', '17', '1', '1', 'Edmonton City Centre', '# 124 Edmonton City Centre, Main Level', 'EDMONTON', 'AB', 'T5J 2Y9', '53.533333', '-113.500000', '35825', '1', '3', '2', '0', '0', '0', '0', '', '', '2015-07-31 14:13:51', '2015-08-04 11:26:31', null), ('278', '0278', '1', '20', '1', '1', 'Village Green', 'Unit # 0340, 4900-27Street', 'VERNON', 'BC', 'V1T 7G7', '50.267014', '-119.272011', '15000', '0', '1', '1', '0', '0', '0', '0', '', '', '2015-07-31 14:13:51', '2015-08-04 11:26:31', null), ('279', '0279', '1', '4', '1', '1', 'Sarnia', '595 Murphy Road', 'SARNIA', 'ON', 'N7S 6K1', '42.976700', '-82.366708', '31534', '1', '1', '1', '0', '0', '0', '0', '', '', '2015-07-31 14:13:51', '2015-08-04 11:26:31', null), ('280', '0280', '1', '17', '1', '1', 'Fort McMurray', 'Unit #102, 19 Riedel Street', 'FORT MCMURRAY', 'AB', 'T9H 3H8', '56.722515', '-111.364260', '47397', '1', '3', '2', '0', '0', '0', '0', '', '', '2015-07-31 14:13:51', '2015-08-04 11:26:31', null), ('281', '0281', '1', '18', '1', '1', 'Southland Mall', 'Unit #96, 4307 130 Avenue SE', 'CALGARY', 'AB', 'T2Z 3V8', '50.929350', '-113.972450', '18966', '0', '1', '1', '0', '0', '0', '0', '', '', '2015-07-31 14:13:51', '2015-08-04 11:26:31', null), ('282', '0282', '1', '22', '1', '1', 'Pine Centre', '3115 Massey Drive', 'PRINCE GEORGE', 'BC', 'V2N 2S9', '53.900152', '-122.778170', '29370', '1', '2', '1', '0', '0', '0', '0', '', '', '2015-07-31 14:13:51', '2015-08-04 11:26:31', null), ('283', '0283', '1', '9', '1', '1', 'Woodbridge', 'Building B, 7850 Weston Road', 'VAUGHAN', 'ON', ' L4L 9N8', '43.792099', '-79.549301', '20287', '0', '1', '1', '0', '0', '0', '0', '', '', '2015-07-31 14:13:51', '2015-08-04 11:26:31', null), ('284', '0284', '1', '2', '1', '1', 'Fredericton', 'Unit #3Y200A (for couriers) 1381 Regent Street', 'FREDERICTON', 'NB', 'E3C 1A2', '45.933601', '-66.662462', '27354', '1', '2', '1', '0', '0', '0', '0', '', '', '2015-07-31 14:13:51', '2015-08-04 11:26:31', null), ('285', '0285', '1', '2', '1', '1', 'New Minas', '9123 Commercial Street', 'NEW MINAS', 'NS', 'B4N 3E6', '45.067279', '-64.451661', '15019', '0', '1', '1', '0', '0', '0', '0', '', '', '2015-07-31 14:13:51', '2015-08-04 11:26:31', null), ('288', '0288', '1', '6', '1', '1', 'Milton Mall', 'Unit D18/19, 55 Ontario Street South', 'Milton', 'ON', 'L9T 2M3', '43.517886', '-79.875830', '20097', '0', '1', '1', '0', '0', '0', '0', '', '', '2015-07-31 14:13:51', '2015-08-04 11:26:31', null), ('290', '0290', '1', '21', '1', '1', 'V.B.C.', 'Unit #311A, 1150 Douglas Street', 'VICTORIA', 'BC', 'V8W 3M9', '48.425019', '-123.365663', '19372', '1', '2', '1', '0', '0', '0', '0', '', '', '2015-07-31 14:13:51', '2015-08-04 11:26:31', null), ('291', '0291', '1', '4', '1', '1', 'White Oaks Mall', 'Unit #93, 1105 Wellington Road', 'LONDON', 'ON', 'N6E 1V4', '42.930705', '-81.226537', '20000', '1', '1', '1', '0', '0', '0', '0', '', '', '2015-07-31 14:13:51', '2015-08-04 11:26:31', null), ('292', '0292', '1', '5', '1', '1', 'Pen Centre', 'Unit 119, 221 Glendale Avenue', 'ST. Catherines', 'ON', 'L2T 2K9', '43.133638', '-79.224310', '23245', '1', '1', '1', '0', '0', '0', '0', '', '', '2015-07-31 14:13:51', '2015-08-04 11:26:31', null), ('293', '0293', '1', '4', '1', '1', 'Argyle', 'Unit #14, 1925 Dundas Street East', 'LONDON', 'ON', 'N5V 1P7', '43.004886', '-81.175482', '18760', '0', '1', '1', '0', '0', '0', '0', '', '', '2015-07-31 14:13:51', '2015-08-04 11:26:31', null), ('294', '0294', '1', '10', '1', '1', 'Heartland Town Centre', 'Unit # 1, 785 Britannia Road West', 'MISSISSAUGA', 'ON', 'L5V 2Y1', '43.610811', '-79.699513', '19739', '0', '1', '1', '0', '0', '0', '0', '', '', '2015-07-31 14:13:51', '2015-08-04 11:26:31', null), ('296', '0296', '1', '7', '1', '1', 'New North Bay Mall', 'Unit #101, 300 Lakeshore Drive', 'North Bay', 'ON', 'P1A 3V2', '46.283148', '-79.448755', '29985', '0', '2', '1', '0', '0', '0', '0', '', '', '2015-07-31 14:13:51', '2015-08-04 11:26:31', null), ('297', '0297', '1', '2', '1', '1', 'Saint John', 'Unit Y005, 519 Westmoreland Road (AcAllister Place Mall)', 'SAINT-JOHN', 'NB', 'E2J 3W9', '45.273315', '-66.063308', '25795', '1', '1', '1', '0', '0', '0', '0', '', '', '2015-07-31 14:13:51', '2015-08-04 11:26:31', null), ('298', '0298', '1', '11', '1', '1', 'Lansdowne Place', 'Unit #L019A, 645 Lansdowne Street West', 'PETERBOROUGH', 'ON', 'K9J 7Y5', '44.283564', '-78.330874', '22855', '1', '1', '1', '0', '0', '0', '0', '', '', '2015-07-31 14:13:51', '2015-08-04 11:26:31', null), ('299', '0299', '1', '5', '1', '1', 'Limeridge', 'Unit #0515, 999 Upper Wentworth Street', 'HAMILTON', 'ON', 'L9A 4X5', '43.217355', '-79.861924', '25405', '1', '2', '1', '0', '0', '0', '0', '', '', '2015-07-31 14:13:51', '2015-08-04 11:26:31', null), ('300', '0300', '1', '20', '1', '1', 'Aberdeen Mall', 'Unit #Y0500, 1320 West Trans Canada Hwy', 'KAMLOOPS', 'BC', 'V1S 1J2', '50.654391', '-120.371092', '28213', '1', '2', '2', '0', '0', '0', '0', '', '', '2015-07-31 14:13:51', '2015-08-04 11:26:31', null), ('303', '0303', '1', '19', '1', '1', 'Sunridge', 'Unit #250A, 2525 36th Street N.E.', 'CALGARY', 'AB', 'T1Y 5T4', '51.073385', '-113.987693', '42000', '1', '3', '3', '0', '0', '0', '0', '', '', '2015-07-31 14:13:51', '2015-08-04 11:26:31', null), ('304', '0304', '1', '15', '1', '1', 'Town \'N\' Country Mall', 'Unit #13, 1235 Main Street North', 'MOOSE JAW', 'SK', 'S6H 6M4', '50.404291', '-105.530364', '14908', '1', '1', '1', '0', '0', '0', '0', '', '', '2015-07-31 14:13:51', '2015-08-04 11:26:31', null), ('308', '0308', '1', '16', '1', '1', 'Southpark Village', 'Unit #190, 3803 Calgary Trail S.', 'EDMONTON', 'AB', 'T6J 5M8', '53.473910', '-113.494418', '25027', '0', '1', '1', '0', '0', '0', '0', '', '', '2015-07-31 14:13:51', '2015-08-04 11:26:31', null), ('309', '0309', '1', '18', '1', '1', 'Market Mall', 'Unit #100W, 3625 Shaganappi Tr. NW', 'CALGARY', 'AB', 'T3A 0E2', '51.087864', '-114.157360', '33267', '1', '2', '2', '0', '0', '0', '0', '', '', '2015-07-31 14:13:51', '2015-08-04 11:26:31', null), ('310', '0310', '1', '18', '1', '1', 'Chinook Centre', 'Unit L6, 6455 Macleod Trail S.W.', 'CALGARY', 'AB', 'T2H 0K9', '50.996067', '-114.073148', '22988', '1', '2', '1', '0', '0', '0', '0', '', '', '2015-07-31 14:13:51', '2015-08-04 11:26:31', null), ('311', '0311', '1', '18', '1', '1', 'Lethbridge', 'Unit BO1, 501 1st Avenue S', 'Lethbridge', 'AB', 'T1J 4L9', '49.698074', '-112.837342', '25177', '1', '2', '1', '0', '0', '0', '0', '', '', '2015-07-31 14:13:51', '2015-08-04 11:26:31', null), ('312', '0312', '1', '17', '1', '1', 'Londonderry Mall', 'Unit#2205, 137th Avenue & 66th Street', 'Edmonton', 'AB', 'T5C 3C8', '53.599232', '-113.443074', '35141', '0', '1', '1', '0', '0', '0', '0', '', '', '2015-07-31 14:13:51', '2015-08-04 11:26:31', null), ('313', '0313', '1', '18', '1', '1', 'Medicine Hat', 'Unit 1, 46 Carry Drive S.E.', 'MEDICINE HAT', 'AB', 'T1B 4E1', '50.005412', '-110.649279', '34304', '0', '2', '1', '0', '0', '0', '0', '', '', '2015-07-31 14:13:51', '2015-08-04 11:26:31', null), ('314', '0314', '1', '16', '1', '1', 'West Edmonton Mall', 'Suite 1119, 8882 170th Street, Phase I', 'EDMONTON', 'AB', 'T5T 4M2', '53.533333', '-113.500000', '80468', '1', '3', '3', '0', '0', '0', '0', '', '', '2015-07-31 14:13:51', '2015-08-04 11:26:31', null), ('316', '0316', '1', '17', '1', '1', 'Kingsway Garden Mall', '109 Street & Princess Elizabeth Ave.', 'EDMONTON', 'AB', 'T5G 3A6', '53.565277', '-113.505575', '20678', '1', '2', '2', '0', '0', '0', '0', '', '', '2015-07-31 14:13:51', '2015-08-04 11:26:31', null), ('317', '0317', '1', '6', '1', '1', 'Winston Churchill', 'Unit 2, 2460 Winston Churchill Blvd E', 'OAKVILLE', 'ON', 'L6H 6J5', '43.521278', '-79.679657', '32281', '0', '2', '2', '0', '0', '0', '0', '', '', '2015-07-31 14:13:51', '2015-08-04 11:26:31', null), ('318', '0318', '1', '18', '1', '1', 'Southcentre', 'Unit #76, 100 Anderson Rd. S.E.', 'CALGARY', 'AB', 'T2J 3V1', '50.950540', '-114.066584', '24305', '1', '2', '2', '0', '0', '0', '0', '', '', '2015-07-31 14:13:51', '2015-08-04 11:26:31', null), ('319', '0319', '1', '5', '1', '1', 'Niagara Falls', 'Unit A-30, 7555 Montrose Road', 'NIAGARA FALLS', 'ON', 'L2H 2E9', '43.067265', '-79.122786', '20161', '1', '1', '1', '0', '0', '0', '0', '', '', '2015-07-31 14:13:51', '2015-08-04 11:26:31', null), ('320', '0320', '1', '16', '1', '1', 'St. Albert Centre', 'Unit 103, 375 St. Albert Road', 'St.Albert', 'AB', 'T8N 3K8', '53.640596', '-113.624979', '35093', '1', '3', '2', '0', '0', '0', '0', '', '', '2015-07-31 14:13:51', '2015-08-04 11:26:31', null), ('322', '0322', '1', '3', '1', '1', 'Cataraqui Town Centre', 'Unit Y-006, 945 Gardiners Road', 'KINGSTON', 'ON', 'K7M 7H4', '44.257309', '-76.568519', '19126', '1', '2', '2', '0', '0', '0', '0', '', '', '2015-07-31 14:13:51', '2015-08-04 11:26:31', null), ('323', '0323', '1', '3', '1', '1', 'Redcliff', 'Unit #503, 1100 Pembroke Street East', 'Pembrooke', 'ON', 'K8A 6Y7', '45.820550', '-77.083929', '30030', '0', '2', '1', '0', '0', '0', '0', '', '', '2015-07-31 14:13:51', '2015-08-04 11:26:31', null), ('327', '0327', '1', '22', '1', '1', 'Broadway', '18 West Broadway', 'VANCOUVER', 'BC', 'V5Y 1P2', '49.263016', '-123.105295', '17757', '0', '1', '2', '0', '0', '0', '0', '', '', '2015-07-31 14:13:51', '2015-08-04 11:26:31', null), ('328', '0328', '1', '21', '1', '1', 'Pitt Meadows', 'Unit #405, 19800 Lougheed Hwy.', 'PITT MEADOWS', 'BC', 'V3Y 2W1', '49.225794', '-122.676237', '18522', '0', '1', '1', '0', '0', '0', '0', '', '', '2015-07-31 14:13:51', '2015-08-04 11:26:31', null), ('329', '0329', '1', '15', '1', '1', 'Southland Mall', '2635 Gordon Road', 'Regina', 'SK', 'S4S 6H7', '50.404468', '-104.619260', '29433', '1', '2', '2', '0', '0', '0', '0', '', '', '2015-07-31 14:13:51', '2015-08-04 11:26:31', null), ('330', '0330', '1', '3', '1', '1', 'St. Laurent Shopping Centre', 'Unit# Y005, 1200 St. Laurent Blvd.', 'OTTAWA', 'ON', 'K1K 3B8', '45.420820', '-75.635442', '31373', '1', '4', '2', '0', '0', '0', '0', '', '', '2015-07-31 14:13:51', '2015-08-04 11:26:31', null), ('334', '0334', '1', '22', '1', '1', 'Park Royal', '1000 Park Royal Mall South', 'VANCOUVER', 'BC', 'V7T 1A1', '49.337494', '-123.160123', '51000', '1', '2', '2', '0', '0', '0', '0', '', '', '2015-07-31 14:13:51', '2015-08-04 11:26:31', null), ('335', '0335', '1', '20', '1', '1', 'Orchard Park', 'Unit #0300, 2271 Harvey Avenue', 'KELOWNA', 'BC', 'V1Y 6H2', '49.880696', '-119.439577', '43883', '1', '2', '2', '0', '0', '0', '0', '', '', '2015-07-31 14:13:51', '2015-08-04 11:26:31', null), ('336', '0336', '1', '21', '1', '1', 'Victoria', 'Suite #104, 805 Cloverdale Avenue', 'VICTORIA', 'BC', 'V8X 2S9', '48.450426', '-123.370463', '17430', '0', '1', '1', '0', '0', '0', '0', '', '', '2015-07-31 14:13:51', '2015-08-04 11:26:31', null), ('337', '0337', '1', '22', '1', '1', 'Pacific Centre', '777 Dunsmuir Street', 'VANCOUVER', 'BC', 'V7Y 1A1', '49.284814', '-123.116387', '36575', '1', '3', '3', '0', '0', '0', '0', '', '', '2015-07-31 14:13:51', '2015-08-04 11:26:31', null), ('338', '0338', '1', '15', '1', '1', 'Centre at Circle & 8th', '3310 - 8th Street East', 'SASKATOON', 'SK', 'S7H 5M3', '52.114573', '-106.603022', '24510', '1', '2', '2', '0', '0', '0', '0', '', '', '2015-07-31 14:13:51', '2015-08-04 11:26:31', null), ('339', '0339', '1', '15', '1', '1', 'Gateway Mall', 'Unit 500, 1403 Central Avenue', 'PRINCE ALBERT', 'SK', 'S6V 7J4', '53.199569', '-105.754274', '25366', '1', '1', '1', '0', '0', '0', '0', '', '', '2015-07-31 14:13:51', '2015-08-04 11:26:31', null), ('340', '0340', '1', '10', '1', '1', 'Bramalea City Centre', 'Unit 0124A and Kiosk 0702K, 25 Peel Centre Drive', 'Brampton', 'ON', 'L6T 3R5', '43.715264', '-79.723781', '21989', '1', '1', '1', '0', '0', '0', '0', '', '', '2015-07-31 14:13:51', '2015-08-04 11:26:31', null), ('341', '0341', '1', '15', '1', '1', 'Victoria Square', '2223 Victoria Avenue East', 'REGINA', 'SK', 'S4N 6E4', '50.446988', '-104.549913', '23145', '0', '1', '1', '0', '0', '0', '0', '', '', '2015-07-31 14:13:51', '2015-08-04 11:26:31', null), ('342', '0342', '1', '15', '1', '1', 'Midtown Plaza', 'Unit #T215C, 201-1 Avenue South', 'SASKATOON', 'SK', 'S7K 1J9', '52.127551', '-106.667151', '19432', '1', '2', '1', '0', '0', '0', '0', '', '', '2015-07-31 14:13:51', '2015-08-04 11:26:31', null), ('344', '0344', '1', '21', '1', '1', 'Strawberry', 'Units 120, 12101 72 Avenue', 'SURREY', 'BC', 'V3W 2M1', '49.105897', '-122.827956', '20694', '0', '1', '1', '0', '0', '0', '0', '', '', '2015-07-31 14:13:51', '2015-08-04 11:26:31', null), ('345', '0345', '1', '14', '1', '1', 'Pembina', 'Unit 3, 1910 Pembina Hwy South', 'Winnipeg', 'MB', 'R3T 4S5', '49.821533', '-97.152573', '35170', '0', '2', '1', '0', '0', '0', '0', '', '', '2015-07-31 14:13:51', '2015-08-04 11:26:31', null), ('346', '0346', '1', '14', '1', '1', 'Polo Park', 'Unit 130A, 1485 Portage Avenue', 'WINNIPEG', 'MB', 'R3G 0W4', '49.881293', '-97.199564', '42000', '1', '2', '1', '0', '0', '0', '0', '', '', '2015-07-31 14:13:51', '2015-08-04 11:26:31', null), ('347', '0347', '1', '14', '1', '1', 'Kildonan', 'Unit #1, 1570 Regent Avenue', 'WINNIPEG', 'MB', 'R2C 2Y9', '49.897055', '-97.062877', '21522', '0', '1', '1', '0', '0', '0', '0', '', '', '2015-07-31 14:13:51', '2015-08-04 11:26:31', null), ('348', '0348', '1', '17', '1', '1', 'Sherwood Park Mall', 'Unit 15, 2020 Sherwood Place', 'SHERWOOD PARK', 'AB', 'T8A 3H9', '53.531150', '-113.295446', '14111', '1', '1', '1', '0', '0', '0', '0', '', '', '2015-07-31 14:13:51', '2015-08-04 11:26:31', null), ('349', '0349', '1', '3', '1', '1', 'Quinte Mall', 'Unit 200, 390 North Front Street', 'BELLEVILLE', 'ON', 'K8P 3E1', '44.189094', '-77.397458', '24947', '1', '2', '2', '0', '0', '0', '0', '', '', '2015-07-31 14:13:51', '2015-08-04 11:26:31', null), ('350', '0350', '1', '3', '1', '1', 'Merivale Mall', 'Unit #0580, 1642 Merivale Road', 'OTTAWA', 'ON', 'K2G 4A1', '45.345781', '-75.730602', '30000', '1', '2', '2', '0', '0', '0', '0', '', '', '2015-07-31 14:13:51', '2015-08-04 11:26:31', null), ('351', '0351', '1', '7', '1', '1', 'Pickering Town Centre', 'Unit 120, 1355 Kingston Road', 'PICKERING', 'ON', 'L1V 1B8', '43.837046', '-79.088691', '20306', '1', '1', '1', '0', '0', '0', '0', '', '', '2015-07-31 14:13:51', '2015-08-04 11:26:31', null), ('352', '0352', '1', '6', '1', '1', 'Burlington Mall', '777 Guelph Line', 'Burlington', 'ON', 'L7R 3N2', '43.345380', '-79.794813', '25590', '1', '2', '1', '0', '0', '0', '0', '', '', '2015-07-31 14:13:51', '2015-08-04 11:26:31', null), ('353', '0353', '1', '7', '1', '1', 'Sudbury', '1349 LaSalle Blvd', 'SUDBURY', 'ON', 'P3A 1Z2', '46.522026', '-80.947122', '17073', '1', '1', '1', '0', '0', '0', '0', '', '', '2015-07-31 14:13:51', '2015-08-04 11:26:31', null), ('354', '0354', '1', '7', '1', '1', 'The Promenade', 'Unit 117-8, 1 Promenade Circle', 'THORNHILL', 'ON', 'L4J 4P8', '43.809093', '-79.453292', '20379', '1', '2', '2', '0', '0', '0', '0', '', '', '2015-07-31 14:13:51', '2015-08-04 11:26:31', null), ('355', '0355', '1', '8', '1', '1', 'Square One', '199 Rathburn Road', 'MISSISSAUGA', 'ON', 'L5B 4C1', '43.593765', '-79.648040', '36000', '0', '2', '1', '0', '0', '0', '0', '', '', '2015-07-31 14:13:51', '2015-08-04 11:26:31', null), ('356', '0356', '1', '5', '1', '1', 'Connestoga', '550 King Street North', 'WATERLOO', 'ON', 'N2L 5W6', '43.498082', '-80.527497', '20577', '1', '1', '1', '0', '0', '0', '0', '', '', '2015-07-31 14:13:51', '2015-08-04 11:26:31', null), ('357', '0357', '1', '4', '1', '1', 'Masonville', 'Unit 3, 1735 Richmond Street', 'LONDON', 'ON', 'N5X 3Y2', '43.028366', '-81.283616', '18000', '0', '1', '1', '0', '0', '0', '0', '', '', '2015-07-31 14:13:51', '2015-08-04 11:26:31', null), ('358', '0358', '1', '6', '1', '1', 'Erin Mills Town Centre', 'Unit D, 5100 Erin Mills Parkway', 'MISSISSAUGA', 'ON', 'L5M 4Z5', '43.559467', '-79.707906', '26642', '1', '1', '1', '0', '0', '0', '0', '', '', '2015-07-31 14:13:51', '2015-08-04 11:26:31', null), ('359', '0359', '1', '10', '1', '1', 'Intercity', '1000 Fort William Road', 'THUNDER BAY', 'ON', 'P7B 6B9', '48.404654', '-89.243655', '24421', '1', '2', '2', '0', '0', '0', '0', '', '', '2015-07-31 14:13:51', '2015-08-04 11:26:31', null), ('361', '0361', '1', '22', '1', '1', 'Woodgrove Centre', 'Unit 126, 6631 Island Hwy. North', 'NANAIMO', 'BC', 'V9T 4T7', '49.235282', '-124.048605', '20632', '1', '2', '1', '0', '0', '0', '0', '', '', '2015-07-31 14:13:51', '2015-08-04 11:26:31', null), ('362', '0362', '1', '11', '1', '1', 'Oshawa Centre', 'Unit 1150, 419 King Street West', 'OSHAWA', 'ON', 'L1J 2K5', '43.890529', '-78.879950', '43468', '1', '2', '2', '0', '0', '0', '0', '', '', '2015-07-31 14:13:51', '2015-08-04 11:26:31', null), ('363', '0363', '1', '22', '1', '1', 'Coquitlam Centre', 'Unit 1400, 2929 Barnet Highway', 'COQUITLAM', 'BC', 'V3B 5R5', '49.276941', '-122.799472', '21509', '1', '1', '1', '0', '0', '0', '0', '', '', '2015-07-31 14:13:51', '2015-08-04 11:26:31', null), ('364', '0364', '1', '14', '1', '1', 'Brandon', '1570 18th Street', 'BRANDON', 'MB', 'R7A 5C5', '49.826461', '-99.962007', '20345', '1', '2', '1', '0', '0', '0', '0', '', '', '2015-07-31 14:13:51', '2015-08-04 11:26:31', null), ('365', '0365', '1', '14', '1', '1', 'Northgate Centre', 'Unit 1, 1375 McPhillips Stree', 'WINNIPEG', 'MB', 'R2V 3V1', '49.940461', '-97.158857', '21750', '0', '1', '1', '0', '0', '0', '0', '', '', '2015-07-31 14:13:51', '2015-08-04 11:26:31', null), ('366', '0366', '1', '20', '1', '1', 'Cottonwood Shopping Centre', 'Unit 99, 45585 Luckakuck Way', 'CHILLIWACK', 'BC', 'V2R 1A1', '49.140844', '-121.962284', '23715', '1', '1', '1', '0', '0', '0', '0', '', '', '2015-07-31 14:13:51', '2015-08-04 11:26:31', null), ('367', '0367', '1', '10', '1', '1', 'Heritage Place', '1350 16 Street East', 'OWEN SOUND', 'ON', 'N4K 6N7', '44.574466', '-80.918984', '23396', '1', '1', '1', '0', '0', '0', '0', '', '', '2015-07-31 14:13:51', '2015-08-04 11:26:31', null), ('368', '0368', '1', '20', '1', '1', 'Sevenoaks Shopping Centre', '32900 South Fraser Hwy.', 'ABBOTSFORD', 'BC', 'V2S 5A1', '49.056185', '-122.385333', '22000', '1', '2', '2', '0', '0', '0', '0', '', '', '2015-07-31 14:13:51', '2015-08-04 11:26:31', null), ('369', '0369', '1', '21', '1', '1', 'Guildford', '1214 Guildford Town Cntr.', 'SURREY', 'BC', 'V3R 7B7', '49.188825', '-122.804342', '22679', '1', '1', '1', '0', '0', '0', '0', '', '', '2015-07-31 14:13:51', '2015-08-04 11:26:31', null), ('370', '0370', '1', '2', '1', '1', 'Bayers Lake Centre', 'Unit F, 215 Chain Lake Drive, Halifax Business Centre', 'HALIFAX', 'NS', 'B3S 1C9', '44.648881', '-63.575312', '16230', '0', '1', '1', '0', '0', '0', '0', '', '', '2015-07-31 14:13:51', '2015-08-04 11:26:31', null), ('371', '0371', '1', '1', '1', '1', 'The Village Shopping Centre', '430 Topsail Road', 'ST. Johns', 'NL', 'A1E 4N1', '47.533463', '-52.749552', '40152', '1', '2', '2', '0', '0', '0', '0', '', '', '2015-07-31 14:13:51', '2015-08-04 11:26:31', null), ('375', '0375', '1', '8', '1', '1', 'Yorkdale Shopping Centre', '3401 Dufferin Street', 'TORONTO', 'ON', 'M6A 2T9', '43.725822', '-79.455526', '26701', '1', '2', '2', '0', '0', '0', '0', '', '', '2015-07-31 14:13:51', '2015-08-04 11:26:31', null), ('377', '0377', '1', '5', '1', '1', 'Kitchener', '655 Fairway Road South', 'KITCHENER', 'ON', 'N2C 1X4', '43.418461', '-80.450405', '17330', '0', '1', '1', '0', '0', '0', '0', '', '', '2015-07-31 14:13:51', '2015-08-04 11:26:31', null), ('379', '0379', '1', '2', '1', '1', 'Champlain Place', '477 Paul Street', 'DIEPPE', 'NB', 'E1A 4X5', '46.098242', '-64.760216', '20000', '1', '1', '1', '0', '0', '0', '0', '', '', '2015-07-31 14:13:51', '2015-08-04 11:26:31', null), ('380', '0380', '1', '2', '1', '1', 'Charlottetown', 'Unit 1, 670 University Avenue', 'CHARLETTETOWN', 'PE', 'C1E 1H6', '46.264793', '-63.147139', '19204', '1', '2', '2', '0', '0', '0', '0', '', '', '2015-07-31 14:13:51', '2015-08-04 11:26:31', null), ('381', '0381', '1', '19', '1', '1', 'Westbrook Mall', 'Unit #54, 1200-37 Street SW', 'CALGARY', 'AB', 'T3C 1S2', '51.043264', '-114.141122', '16650', '1', '1', '1', '0', '0', '0', '0', '', '', '2015-07-31 14:13:51', '2015-08-04 11:26:31', null), ('382', '0382', '1', '4', '1', '1', 'Stratford', 'Unit #S2, 1067 Ontario Street', 'STRATFORD', 'ON', 'N5A 6W6', '43.369329', '-80.944717', '20100', '1', '1', '1', '0', '0', '0', '0', '', '', '2015-07-31 14:13:51', '2015-08-04 11:26:31', null), ('383', '0383', '1', '1', '1', '1', 'St. John\'s NFLD', '75 Aberdeen Drive', 'St.John\'s', 'NL', 'A1A 5N6', '47.619113', '-52.717877', '19687', '0', '1', '1', '0', '0', '0', '0', '', '', '2015-07-31 14:13:51', '2015-08-04 11:26:31', null), ('384', '0384', '1', '17', '1', '1', 'Parkland Mall', 'Unit #150, 4747-67 Street', 'RED DEER', 'AB', 'T4N 6H3', '52.288478', '-113.809116', '16127', '1', '2', '2', '0', '0', '0', '0', '', '', '2015-07-31 14:13:51', '2015-08-04 11:26:31', null), ('385', '0385', '1', '20', '1', '1', 'Willowbrook Shopping Centre', '19705 Fraser Hwy', 'LANGLEY', 'BC', 'V3A 7E9', '49.112983', '-122.677613', '20275', '1', '1', '1', '0', '0', '0', '0', '', '', '2015-07-31 14:13:51', '2015-08-04 11:26:31', null), ('386', '0386', '1', '10', '1', '1', 'Station Mall', 'Unit 66A, 44 Great Northern Road', 'SAULT STE MARIE', 'ON', 'P6B 4Y5', '46.525067', '-84.319393', '31350', '1', '2', '2', '0', '0', '0', '0', '', '', '2015-07-31 14:13:51', '2015-08-04 11:26:31', null), ('389', '0389', '1', '6', '1', '1', 'Meadowlands Power Centre', 'Unit 2, 14 Martindale Cres', 'ANCASTER', 'ON', 'L9K 1J9', '43.229252', '-79.940920', '19832', '0', '1', '1', '0', '0', '0', '0', '', '', '2015-07-31 14:13:51', '2015-08-04 11:26:31', null), ('391', '0391', '1', '5', '1', '1', 'Brantford', '84 Lynden Road', 'BRANTFORD', 'ON', 'N3R 6B8', '43.173652', '-80.240101', '20048', '1', '1', '1', '0', '0', '0', '0', '', '', '2015-07-31 14:13:51', '2015-08-04 11:26:31', null), ('392', '0392', '1', '20', '1', '1', 'Metropolis @ Metrotown', 'Major 1, 4700 Kingsway', 'BURNABY', 'BC', 'V5H 4M1', '49.225919', '-123.002663', '48423', '1', '0', '0', '0', '0', '0', '0', '', '', '2015-07-31 14:13:51', '2015-08-04 11:26:31', null), ('393', '0393', '1', '4', '1', '1', 'Downtown Chatham Centre', 'Unit M-1, 100 King Street West', 'Chatham', 'ON', 'N7M 6A9', '42.405016', '-82.182377', '25065', '0', '1', '1', '0', '0', '0', '0', '', '', '2015-07-31 14:13:51', '2015-08-04 11:26:31', null), ('394', '0394', '1', '4', '1', '1', 'Devonshire Mall', '3100 Howard Avenue', 'WINDSOR', 'ON', 'N8X 3Y8', '42.274670', '-83.003556', '47496', '1', '2', '2', '0', '0', '0', '0', '', '', '2015-07-31 14:13:51', '2015-08-04 11:26:31', null), ('395', '0395', '1', '7', '1', '1', 'Hillcrest Mall', 'Unit Y-2, 9350 Yonge Street', 'RICHMOND HILL', 'ON', 'L4C 5G2', '43.854855', '-79.436087', '19270', '1', '2', '1', '0', '0', '0', '0', '', '', '2015-07-31 14:13:51', '2015-08-04 11:26:31', null), ('398', '0398', '1', '3', '1', '1', 'Place d\'Orleans', 'Unit 2400, 110 Place d\'Orleans Drive', 'ORLEANS', 'ON', 'K1C 2L9', '45.478249', '-75.516715', '68499', '1', '4', '3', '0', '0', '0', '0', '', '', '2015-07-31 14:13:51', '2015-08-04 11:26:31', null), ('401', '0401', '1', '8', '1', '1', 'Eaton Ctr', '218 Yonge Street', 'TORONTO', 'ON', 'M5B 2H6', '43.653895', '-79.380187', '15002', '1', '1', '1', '0', '0', '0', '0', '', '', '2015-07-31 14:13:51', '2015-08-04 11:26:31', null), ('419', '0419', '1', '9', '1', '1', 'Georgian Mall', 'Hwy 26 & 27, 509 Bayfield Street', 'BARRIE', 'ON', 'L4M 4Z8', '44.416661', '-79.713802', '40734', '1', '2', '2', '0', '0', '0', '0', '', '', '2015-07-31 14:13:51', '2015-08-04 11:26:31', null), ('940', '0940', '1', '19', '1', '1', 'Test Store', '824 41st Ave NE', 'Calgary', 'AB', 'T2E3R3', '0.000000', '0.000000', '12345', '1', '3', '1', '1', '1', '1', '1', '07/01/2015', '07/01/2015', '2015-09-02 17:37:31', '2015-09-02 17:37:31', null), ('5111', '5111', '1', '8', '1', '1', 'Toronto Uptown', '2529 Yonge Street', 'TORONTO', 'ON', 'M4P 2H9', '43.712948', '-79.399434', '12817', '0', '1', '1', '0', '0', '0', '0', '', '', '2015-07-31 14:13:51', '2015-08-04 11:26:31', null), ('5112', '5112', '1', '5', '1', '1', 'Welland', 'Unit R1-11, 800 Niagara Street North', 'Welland', 'ON', 'L3C 5Z4', '43.014210', '-79.249168', '18816', '1', '1', '1', '0', '0', '0', '0', '', '', '2015-07-31 14:13:51', '2015-08-04 11:26:31', null), ('5113', '5113', '1', '22', '1', '1', 'Courtenay', '3245 Cliff Avenue, Units 2 & 3, Bldg. D', 'Courtenay', 'BC', 'V9N 2L9', '49.672134', '-124.979199', '19305', '0', '1', '1', '0', '0', '0', '0', '', '', '2015-07-31 14:13:51', '2015-08-04 11:26:31', null), ('5114', '5114', '1', '1', '1', '1', 'Gander', 'Unit 9, 132 Bennett Drive', 'Gander', 'NL', 'A1V 2H2', '48.951504', '-54.602127', '9339', '1', '1', '2', '0', '0', '0', '0', '', '', '2015-07-31 14:13:51', '2015-08-04 11:26:31', null), ('5115', '5115', '1', '2', '1', '1', 'Yarmouth', '76 Starrs Road', 'Yarmouth', 'NS', 'B5A 2T5', '43.844593', '-66.098300', '12000', '1', '1', '1', '0', '0', '0', '0', '', '', '2015-07-31 14:13:51', '2015-08-04 11:26:31', null), ('5116', '5116', '1', '14', '1', '1', 'Steinbach', 'Unit #12, 178 PTH 12 North', 'STEINBACH', 'MB', 'R5G 1T7', '49.524025', '-96.679969', '11220', '1', '1', '1', '0', '0', '0', '0', '', '', '2015-07-31 14:13:51', '2015-08-04 11:26:31', null), ('5117', '5117', '1', '18', '1', '1', 'Okotoks', 'Unit 206, 100 Southbank Blvd', 'Okotoks', 'AB', 'T1S 0L3', '50.728199', '-113.967765', '15202', '0', '1', '1', '0', '0', '0', '0', '', '', '2015-07-31 14:13:51', '2015-07-31 14:13:51', null), ('5118', '5118', '1', '14', '1', '1', 'Winnipeg Unicity', 'Unit H0004, 3673 Portage Avenue', 'Winnipeg', 'MB', 'R3K 2G6', '49.885276', '-97.313406', '20201', '0', '1', '1', '0', '0', '0', '0', '', '', '2015-07-31 14:13:51', '2015-07-31 14:13:51', null), ('5119', '5119', '1', '21', '1', '1', 'Cranbrook', 'First Mountain Brook Shopping Centre,\r2100K Willowbrook Drive', 'CRANBROOK', 'BC', 'V1C 7H2', '49.528714', '-115.746745', '12083', '0', '1', '1', '0', '0', '0', '0', '', '', '2015-07-31 14:13:51', '2015-07-31 14:13:51', null), ('5120', '5120', '1', '21', '1', '1', 'Hillside Mall', 'CRU86 & 89, 1644 Hillside Avenue', 'VICTORIA', 'BC', 'V8T 2C5', '48.445737', '-123.335285', '27477', '1', '3', '2', '0', '0', '0', '0', '', '', '2015-07-31 14:13:51', '2015-08-04 11:26:31', null), ('5121', '5121', '1', '5', '1', '1', 'Stoney Creek', 'Unit N1, 75 Centennial Parkway North', 'HAMILTON', 'ON', 'L8E 2P2', '43.230907', '-79.765922', '21062', '1', '1', '1', '0', '0', '0', '0', '', '', '2015-07-31 14:13:51', '2015-08-04 11:26:31', null), ('5122', '5122', '1', '11', '1', '1', 'Bowmanville', '2401 Highway 2, Unit #1&2', 'Bowmanville', 'ON', 'L1C 4V4', '43.908659', '-78.706166', '37873', '0', '2', '1', '0', '0', '0', '0', '', '', '2015-07-31 14:13:51', '2015-08-04 11:26:31', null), ('5123', '5123', '1', '19', '1', '1', 'Cochrane', 'The Quarry Shopping Centre, 60\rQuarry Street East, Unit #4', 'COCHRANE', 'AB', 'T4C 0W5', '51.179050', '-114.408396', '13009', '0', '1', '1', '0', '0', '0', '0', '', '', '2015-07-31 14:13:51', '2015-07-31 14:13:51', null), ('5124', '5124', '1', '17', '1', '1', 'Camrose', '6703-48 Avenue, Unit #130', 'Camrose', 'AB', 'T4V 3K3', '53.016873', '-112.855844', '10961.52', '0', '1', '1', '0', '0', '0', '0', '', '', '2015-07-31 14:13:51', '2015-08-04 11:26:31', null), ('5125', '5125', '1', '21', '1', '1', 'Marine Drive', '8125 Ontario Street', 'Vancouver', 'BC', 'V5X 0A7', '49.210704', '-123.107230', '27889', '0', '1', '1', '0', '0', '0', '0', '', '', '2015-07-31 14:13:51', '2015-08-04 11:26:31', null), ('5126', '5126', '1', '17', '1', '1', 'Leduc', '5406 Discovery Way, Unit # 104', 'LEDUC', 'AB', 'T9E 8L9', '53.269372', '-113.567116', '18185', '0', '1', '1', '0', '0', '0', '0', '', '', '2015-07-31 14:13:51', '2015-08-04 11:26:31', null), ('5127', '5127', '1', '15', '1', '1', 'Confederation', '301 Confederation Drive', 'SASKATOON', 'SK', 'S7L 5C3', '52.131128', '-106.722896', '23747.8', '0', '1', '1', '0', '0', '0', '0', '', '', '2015-07-31 14:13:51', '2015-08-04 11:26:31', null), ('5128', '5128', '1', '10', '1', '1', 'Georgetown', 'Units 70 & 71, 280 Guelph Street', 'Georgetown', 'ON', 'L7G 4B1', '43.649192', '-79.899329', '29508', '1', '1', '1', '0', '0', '0', '0', '', '', '2015-07-31 14:13:51', '2015-07-31 14:13:51', null), ('5129', '5129', '1', '11', '1', '1', 'Oshawa', 'Harmony Shopping Centre, 1417\rHarmony Road North', 'Oshawa', 'ON', 'L1H 7K5', '43.957485', '-78.875064', '27539', '0', '1', '1', '0', '0', '0', '0', '', '', '2015-07-31 14:13:51', '2015-08-04 11:26:31', null), ('5131', '5131', '1', '4', '1', '1', 'Simcoe', 'Unit 2, 140 Queensway East', 'Simcoe', 'ON', 'N3Y 4Y7', '42.847931', '-80.292233', '10400', '0', '1', '1', '0', '0', '0', '0', '', '', '2015-07-31 14:13:51', '2015-08-04 11:26:31', null), ('5132', '5132', '1', '7', '1', '1', 'Stoufville', 'Unit 3, 1010 Hoover Park Drive', 'Stouffville', 'ON', 'L4A 0K2', '43.955716', '-79.278236', '21627', '0', '1', '1', '0', '0', '0', '0', '', '', '2015-07-31 14:13:51', '2015-08-04 11:26:31', null), ('5133', '5133', '1', '22', '1', '1', 'Terrace', 'Unit 230, 4741 Lakelse Avenue', 'Terrace', 'BC', 'V8G 4R9', '54.515027', '-128.571697', '12171', '1', '1', '1', '0', '0', '0', '0', '', '', '2015-07-31 14:13:51', '2015-08-04 11:26:31', null), ('5134', '5134', '1', '4', '1', '1', 'London', '3165 Wonderland Road South', 'LONDON', 'ON', 'N6L 1R4', '42.933384', '-81.283541', '29048', '0', '2', '2', '0', '0', '0', '0', '', '', '2015-07-31 14:13:51', '2015-08-04 11:26:31', null), ('5135', '5135', '1', '10', '1', '1', 'Orangeville', '150 First Street, Unit 142', 'Orangeville', 'ON', 'L9W 3T7', '43.931565', '-80.103074', '22426', '0', '1', '1', '0', '0', '0', '0', '', '', '2015-07-31 14:13:51', '2015-07-31 14:13:51', null), ('5136', '5136', '1', '16', '1', '1', 'Cold Lake', '6603-51 Street', 'COLD LAKE', 'AB', 'T9M 1C8', '54.431761', '-110.205116', '12000', '1', '1', '2', '0', '0', '0', '0', '', '', '2015-07-31 14:13:51', '2015-07-31 14:13:51', null), ('5138', '5138', '1', '6', '1', '1', 'Oakville', 'Unit 144, 240 Leighland Avenue', 'Oakville', 'ON', 'L6H 3H6', '43.462368', '-79.687044', '18920', '1', '2', '1', '0', '0', '0', '0', '', '', '2015-07-31 14:13:51', '2015-07-31 14:13:51', null), ('5139', '5139', '1', '2', '1', '1', 'Summerside', 'A005, 475 Granville Street North', 'Summerside', 'PE', 'C1N 4P7', '46.410705', '-63.781754', '13500', '1', '2', '1', '0', '0', '0', '0', '', '', '2015-07-31 14:13:51', '2015-07-31 14:13:51', null), ('5140', '5140', '1', '2', '1', '1', 'Bridgewater', 'Unit 3, 421 LaHave Street', 'Bridgewater', 'NS', 'B4V 3A2', '44.377408', '-64.515443', '12800', '1', '1', '1', '0', '0', '0', '0', '', '', '2015-07-31 14:13:51', '2015-07-31 14:13:51', null), ('5141', '5141', '1', '8', '1', '1', 'Stockyards', 'Building B, Unit 105, 75 Gunns Road', 'Toronto', 'ON', 'M6N 0A3', '43.673185', '-79.487262', '26706', '0', '1', '1', '0', '0', '0', '0', '', '', '2015-07-31 14:13:51', '2015-07-31 14:13:51', null), ('5142', '5142', '1', '21', '1', '1', 'Victoria Square', 'Unit 109, 2955 Phipps Road', 'LANGFORD', 'BC', 'V9B 0J9', '48.439752', '-123.505100', '25825', '0', '1', '1', '0', '0', '0', '0', '', '', '2015-07-31 14:13:51', '2015-07-31 14:13:51', null), ('5143', '5143', '1', '15', '1', '1', 'Yorkton', 'Unit 7, 205 Hamilton Road', 'YORKTON', 'SK', 'S3N 4B9', '51.207031', '-102.450445', '29433', '0', '2', '1', '0', '0', '0', '0', '', '', '2015-07-31 14:13:51', '2015-07-31 14:13:51', null), ('5144', '5144', '1', '1', '1', '1', 'Grand falls', '19 Cromer Avenue', 'Grand Falls', 'NL', 'A2A 2K5', '48.946680', '-55.654932', '11180', '1', '2', '1', '0', '0', '0', '0', '', '', '2015-07-31 14:13:51', '2015-07-31 14:13:51', null), ('5145', '5145', '1', '9', '1', '1', 'Alliston', 'Unit ZB, 130 Young Street', 'Alliston', 'ON', 'L9R 1P8', '44.147692', '-79.883058', '12146', '0', '1', '1', '0', '0', '0', '0', '', '', '2015-07-31 14:13:51', '2015-07-31 14:13:51', null), ('5148', '5148', '1', '9', '1', '1', 'Barrie-South', 'Unit 4, 80 Concert Way', 'Barrie', 'ON', 'L4N 6N5', '44.365817', '-79.695962', '30423', '0', '1', '1', '0', '0', '0', '0', '', '', '2015-07-31 14:13:51', '2015-07-31 14:13:51', null), ('5149', '5149', '1', '22', '1', '1', 'Smithers', 'Unit 1440, 3664 Highway 16', 'Smithers', 'BC', 'V0J 2N0', '54.410689', '-127.867952', '10500', '0', '1', '1', '0', '0', '0', '0', '', '', '2015-07-31 14:13:51', '2015-07-31 14:13:51', null), ('5150', '5150', '1', '21', '1', '1', 'Williams Lake', 'Prosperity Ridge, #710, 1185 Prosperity', 'Williams Lake', 'BC', 'V2G 0A6', '52.156647', '-122.101770', '12031', '0', '1', '1', '0', '0', '0', '0', '', '', '2015-07-31 14:13:51', '2015-07-31 14:13:51', null), ('5151', '5151', '1', '8', '1', '1', 'Maple Leaf Square', '15 York Street', 'Toronto', 'ON', 'M5J 0A3', '43.642365', '-79.380873', '14428', '1', '3', '1', '0', '0', '0', '0', '', '', '2015-07-31 14:13:51', '2015-07-31 14:13:51', null), ('5154', '5154', '1', '2', '1', '1', 'Moncton', 'Unit 46, 1380 Mountain Rd', 'Moncton', 'NB', 'E1C 2T8', '46.110568', '-64.835793', '8504', '0', '0', '0', '0', '0', '0', '0', '', '', '2015-07-31 14:13:51', '2015-07-31 14:13:51', null), ('5155', '5155', '1', '6', '1', '1', 'Waterdown', 'Unit 2, 17 Clappison Avenue', 'Waterdown', 'NB', 'L0R 2H2', '43.313017', '-80.036726', '0', '0', '0', '0', '0', '0', '0', '0', '', '', '2015-07-31 14:13:51', '2015-07-31 14:13:51', null), ('5156', '5156', '1', '15', '1', '1', 'Swift Current', '1705 Memorial Drive NE', 'Swift Current', 'SK', 'S9H 5H7', '50.292701', '-107.801697', '0', '0', '0', '0', '0', '0', '0', '0', '', '', '2015-07-31 14:13:51', '2015-07-31 14:13:51', null), ('5157', '5157', '1', '14', '1', '1', 'Selkirk', '1051 Manitoba Avenue', 'Selkirk', 'MB', 'R1A 3T7', '50.155731', '-96.888586', '0', '0', '0', '0', '0', '0', '0', '0', '', '', '2015-07-31 14:13:51', '2015-07-31 14:13:51', null), ('7401', '7401', '2', '10', '1', '1', ' Thunder Bay', '787 Memorial Drive', 'THUNDER BAY', 'ON', 'P7B 3Z7', '48.411923', '-89.241434', '7522', '0', '1', '1', '0', '0', '0', '0', '', '', '2015-07-31 14:13:51', '2015-07-31 14:13:51', null), ('7402', '7402', '2', '13', '1', '1', ' Kelowna', '1835 Dilworth Drive', 'KELOWNA', 'BC', 'V1Y 9T1', '49.880925', '-119.436946', '7270', '0', '1', '1', '0', '0', '0', '0', '', '', '2015-07-31 14:13:51', '2015-07-31 14:13:51', null), ('7403', '7403', '2', '13', '1', '1', ' Nanaimo', '3200 Island Highway', 'NANAIMO', 'BC', 'V9T 1W1', '49.206088', '-124.005532', '10973', '1', '2', '1', '0', '0', '0', '0', '', '', '2015-07-31 14:13:51', '2015-07-31 14:13:51', null), ('7404', '7404', '2', '13', '1', '1', ' Abbotsford', '32700 South Fraser Way', 'Abbotsford', 'BC', 'V2T 4M5', '49.050215', '-122.317226', '8382', '0', '1', '1', '0', '0', '0', '0', '', '', '2015-07-31 14:13:51', '2015-07-31 14:13:51', null), ('7406', '7406', '2', '13', '1', '1', ' Kamloops', 'Unit 105 -1180 Columbia Street West', 'KAMLOOPS', 'BC', 'V2C 6R6', '50.666295', '-120.355186', '7493', '0', '1', '1', '0', '0', '0', '0', '', '', '2015-07-31 14:13:51', '2015-07-31 14:13:51', null), ('7407', '7407', '2', '12', '1', '1', ' Signal Hill', '5967 Signal Hill Centre', 'CALGARY', 'AB', 'T3H 3P8', '51.019533', '-114.172642', '8133', '0', '1', '1', '0', '0', '0', '0', '', '', '2015-07-31 14:13:51', '2015-07-31 14:13:51', null), ('7408', '7408', '2', '12', '1', '1', ' Lethbridge', '2045 Mayor Magrath Drive S', 'Lethbridge', 'AB', 'T1K 2S2', '49.671723', '-112.798609', '10372', '0', '1', '1', '0', '0', '0', '0', '', '', '2015-07-31 14:13:51', '2015-07-31 14:13:51', null), ('7410', '7410', '2', '14', '1', '1', ' Polo Park', 'Unit #0100A, 1440 Jack Blick Avenue', 'WINNIPEG', 'MB', 'R3G 0L4', '49.884797', '-97.197942', '10473', '1', '1', '1', '0', '0', '0', '0', '', '', '2015-07-31 14:13:51', '2015-07-31 14:13:51', null), ('7411', '7411', '2', '13', '1', '1', ' Surrey', '10355 - 152nd Street, Unit 2011', 'SURREY', 'BC', 'V3R 7C1', '49.192888', '-122.803487', '9836', '1', '1', '1', '0', '0', '0', '0', '', '', '2015-07-31 14:13:51', '2015-07-31 14:13:51', null), ('7412', '7412', '2', '9', '1', '1', ' Vaughan Mills', 'CRU#705, 1 Bass Pro Mills Drive', 'Vaughan', 'ON', 'L4K 5W4', '43.822552', '-79.536809', '6978', '1', '1', '1', '0', '0', '0', '0', '', '', '2015-07-31 14:13:51', '2015-07-31 14:13:51', null), ('7413', '7413', '2', '15', '1', '1', ' Circle/8th', 'Unit 445, 3310 8th Street East', 'Saskatoon', 'SK', 'S7H 5M3', '52.113889', '-106.601656', '10543', '0', '0', '0', '0', '0', '0', '0', '', '', '2015-07-31 14:13:51', '2015-07-31 14:13:51', null), ('7414', '7414', '2', '8', '1', '1', ' Shops @ Don Mills', 'Unit B004A, 1090 Don Mills Road', 'Toronto', 'ON', 'M3C 3R6', '43.736692', '-79.343915', '8504', '0', '1', '0', '0', '0', '0', '0', '', '', '2015-07-31 14:13:51', '2015-07-31 14:13:51', null);
COMMIT;

-- ----------------------------
--  Table structure for `users`
-- ----------------------------
DROP TABLE IF EXISTS `users`;
CREATE TABLE `users` (
  `id` int(10) unsigned NOT NULL AUTO_INCREMENT,
  `firstname` varchar(255) COLLATE utf8_unicode_ci NOT NULL,
  `lastname` varchar(255) COLLATE utf8_unicode_ci NOT NULL,
  `email` varchar(255) COLLATE utf8_unicode_ci NOT NULL,
  `password` varchar(60) COLLATE utf8_unicode_ci NOT NULL,
  `remember_token` varchar(100) COLLATE utf8_unicode_ci DEFAULT NULL,
  `created_at` timestamp NOT NULL DEFAULT '0000-00-00 00:00:00',
  `updated_at` timestamp NOT NULL DEFAULT '0000-00-00 00:00:00',
  PRIMARY KEY (`id`),
  UNIQUE KEY `users_email_unique` (`email`)
) ENGINE=InnoDB AUTO_INCREMENT=4 DEFAULT CHARSET=utf8 COLLATE=utf8_unicode_ci;

-- ----------------------------
--  Records of `users`
-- ----------------------------
BEGIN;
INSERT INTO `users` VALUES ('3', 'Megha', 'Jyoti', 'jyoti5337@gmail.com', '$2y$10$mXOn8fbFbW2ZeR3U74RXMe07DykVkvXVjrPrfeQqqqay6OToBo4xW', 'KZOOT3AeWmh9Dp02e7oYczDeHGxaMVZFHGuXUYMWOGcycVj4m9m3sO5fZnFL', '2015-08-25 14:47:50', '2015-11-12 21:43:49');
COMMIT;

SET FOREIGN_KEY_CHECKS = 1;
